{
    "name": "pgwmodal",
    "title": "PgwModal",
    "description": "Responsive modal / dialog window for jQuery",
    "keywords": [
        "modal",
        "dialog",
        "window",
        "popup",
        "alert",
        "lightbox",
        "responsive",
        "mobile"
    ],
    "version": "2.0.0",
    "author": {
        "name": "Jonathan M. Piat"
    },
    "maintainers": [
        {
            "name": "Jonathan M. Piat"
        }
    ],
    "licenses": [
        {
            "type": "GNU GPLv3",
            "url": "http://opensource.org/licenses/gpl-3.0"
        }
    ],
    "bugs": "https://github.com/Pagawa/PgwModal/issues",
    "homepage": "http://pgwjs.com/pgwmodal",
    "docs": "http://pgwjs.com/pgwmodal",
    "download": "http://pgwjs.com/pgwmodal",
    "dependencies": {
        "jquery": ">=1"
    }
}